Videocard Name,Price (USD)
GeForce RTX 3090 Ti,2099.99
GeForce RTX 3080 Ti,1199.99
GeForce RTX 3090,1749.99
Radeon RX 6900 XT,1120.31
GeForce RTX 3080,999
GeForce RTX 3070 Ti,749.99
Radeon RX 6800 XT,859
RTX A5000,2631.2
RTX A6000,4999.99
GeForce RTX 3070,719.99
GeForce RTX 2080 Ti,998.59
RTX A4500,2134.64
Radeon RX 6800,758.99
GeForce RTX 3060 Ti,599.99
TITAN RTX,2794.99
Quadro RTX 6000,6300
GeForce RTX 2080 SUPER,683.99
TITAN Xp,
GeForce RTX 3080 Ti Laptop GPU,
Quadro RTX 8000,4741.49
Radeon RX 6700 XT,529.99
RTX A4000,1233.98
TITAN V,1999.99
Radeon PRO W6800,2194.99
GeForce RTX 2080,633.03
TITAN Xp COLLECTORS EDITION,
GeForce RTX 3070 Ti Laptop GPU,
GeForce GTX 1080 Ti,604.15
NVIDIA TITAN Xp,1645
GeForce RTX 2070 SUPER,613.8
Quadro GV100,8999
TITAN V CEO Edition,
GeForce RTX 3060,329
Radeon RX 5700 XT,694.94
Radeon Pro VII,
Radeon VII,1899.95
Radeon RX 5700 XT 50th Anniversary,
GeForce RTX 3080 Laptop GPU,
GeForce RTX 2060 SUPER,528.89
RTX A4000 Laptop GPU,
RTX A5000 Laptop GPU,
Quadro RTX 5000,
Tesla V100-SXM2-16GB,
Quadro GP100,
GeForce RTX 2070,627.44
Miracast display port driver V3,
RadeonT RX 6850M,
Radeon RX 6600 XT,399.99
Quadro P6000,3250
Quadro RTX 4000,899
GeForce GTX 1080,442.79
GeForce RTX 3070 Laptop GPU,
GeForce RTX 2080 (Mobile),
Radeon Pro W5700,1649.99
Quadro RTX 5000 (Mobile),
Radeon Pro Vega II,
Radeon RX 5700,899.95
Radeon RX Vega 64,799.99
Radeon Pro Vega 64X,
GeForce GTX 1070 Ti,389
GeForce RTX 2070 Super with Max-Q Design,
Radeon PRO W6600,
Radeon Pro WX 8200,1599.39
GeForce RTX 2080 Super with Max-Q Design,
GeForce RTX 2060,389.99
Quadro RTX 5000 with Max-Q Design,
Radeon RX 6600,
GeForce GTX 980 Ti,719.4
Radeon RX 5600 XT,545
Radeon Vega Frontier Edition,1679.99
RTX A2000 12GB,
GeForce RTX 2080 with Max-Q Design,2099.99
NVIDIA TITAN X,608.1
Radeon RX Vega 56,752.99
Quadro RTX 4000 with Max-Q Design,
GeForce GTX 1070,342.55
Tesla T10,
RTX A3000 Laptop GPU,
Radeon Pro WX 9100,
GeForce GTX TITAN X,1096.99
RTX A2000,845.99
Quadro RTX 4000 (Mobile),
Radeon Pro V520 MxGPU,
GeForce GTX 1660 SUPER,329.99
GeForce RTX 3050,
GeForce RTX 3060 Laptop GPU,479.99
Radeon Pro 5700 XT,
Radeon Pro Vega 64,
Radeon Pro Vega 56,
GeForce RTX 2070 (Mobile),
Quadro P5200 with Max-Q Design,
Quadro M6000 24GB,
Quadro P5200,
GeForce RTX 2070 with Max-Q Design,
Radeon RX 6700S,
Quadro P5000,1868.99
Quadro P4200 with Max-Q Design,
Radeon Pro 5700,
GeForce GTX 1660 Ti,349.99
GeForce GTX 1660,399.99
Tesla M40 24GB,
GeForce GTX 1080 with Max-Q Design,
Radeon Pro Vega 48,
Radeon RX 6700M,
Quadro P4000,556.19
Quadro M6000,1099.98
GeForce RTX 2060 (Mobile),
GeForce GTX 980,247.35
Quadro RTX 3000,
Tesla T4,4853.98
Radeon RX 5600,
Radeon Pro SSG,2410.15
Radeon Instinct MI25 MxGPU,
GeForce GTX 1070 (Mobile),
Radeon Pro 5600M,
GeForce GTX 1660 Ti (Mobile),
RTX A2000 Laptop GPU,
Tesla M40,600
Radeon R9 Fury X,
GeForce GTX 1060,279.99
GeForce GTX 1650 SUPER,441.05
GeForce GTX 1070 with Max-Q Design,
RTX A3000 12GB Laptop GPU,
Quadro P4200,
GeForce RTX 2060 with Max-Q Design,
Radeon R9 Fury + Fury X,449.99
GeForce GTX 1060 3GB,305
GeForce GTX 970,237.99
Radeon RX 590,549.99
Radeon R9 Fury,443.1
Radeon R9 390X,
Quadro P2200,577.17
Radeon Ryzen 9 4900HSS,
GeForce RTX 3050 Ti Laptop GPU,
Radeon RX 6500 XT,199.99
GeForce GTX 780 Ti,339.99
Radeon Pro W5500,480.99
Quadro M5000,499
Quadro P3200 with Max-Q Design,
GeForce GTX TITAN Z,1515
Radeon RX 5500 XT,449
GeForce GTX TITAN Black,524.99
Radeon RX 6600M,339.99
Quadro P4000 with Max-Q Design,
GeForce RTX 3050 Laptop GPU,379.99
Radeon RX 6800M,
Radeon R9 390,
Radeon RX 580,349
Radeon Ryzen 7 4800HS,
Radeon RX 5500,
Radeon R9 290X,
Quadro RTX 3000 with Max-Q Design,
GeForce GTX 1060 5GB,487.99
Radeon RX 480,339.99
Quadro P3200,389.3
GeForce GTX 1660 Ti with Max-Q Design,
Radeon RX590 GME,
Radeon R9 295X2,499.1
Radeon Ryzen 9 4900HS,
GeForce GTX Titan,745
Radeon Ryzen 9 5900HS,
Radeon R9 290,
Radeon R9 290X / 390X,319.99
Radeon Pro Duo,1199.06
Radeon Pro 5500 XT,
15FF,
GeForce GTX 1060 (Mobile),
Radeon R9 290 / 390,380
Quadro K6000,392
Radeon RX 470/570,388.99
GeForce GTX 780,279.99
GeForce RTX 2050,
Radeon Ryzen 5 4600HS,
Quadro M5500,
GeForce GTX 1060 with Max-Q Design,
T1200 Laptop GPU,
T1000,375.72
Radeon Pro WX 7100,1047.99
GeForce GTX 1650,209
Radeon RX 580X,
Tesla M60,787.9
Radeon RX 580 2048SP,
T1000 8GB,
Radeon Pro 580,
FirePro W9100,1729.99
Radeon RX 5300,
Radeon Pro 580X,
Radeon Pro 5300,
Tesla M6,199
GeForce GTX 1650 Ti,
Ryzen 7 5800HS with Radeon Graphics,
FirePro W8100,704
RadeonT RX 5300,
GeForce GTX 980M,289.99
Tesla P100-PCIE-16GB,
Quadro T2000,528.35
Radeon RX 5600M,
Quadro P2000,542
Ryzen 7 4800HS with Radeon Graphics,
GeForce GTX 1650 (Mobile),
Radeon RX 6400,159.99
Quadro T2000 with Max-Q Design,
Quadro M5000M,546.92
Radeon Pro 5500M,
Radeon RX Vega M GH,
T600 Laptop GPU,
GeForce GTX 970XM FORCE,
Radeon R9 285,
Quadro M4000,362
Quadro T1000 with Max-Q Design,
Quadro P3000,
Quadro M4000M,254.91
Quadro T1000,441.99
T600,249
GeForce GTX 1650 Ti with Max-Q Design,
Radeon Pro 570,
GeForce GTX 1050 Ti,189.42
Radeon R9 280X,
FirePro S7150,1697.99
Radeon R9 380,89.99
Radeon R9 380X,349.99
FirePro W9000,845
Radeon Pro WX Vega M GL,
GeForce GTX 960,172
P106-100,
GRID P100-16Q,
GeForce GTX 1050 Ti (Mobile),
Radeon PRO W6400,
GeForce GTX 770,249
GeForce GTX 1650 with Max-Q Design,
Radeon Pro 5300M,
A16,
Quadro K5200,415
GeForce GTX 970M,209.99
Radeon Pro WX 7130,
Quadro M3000M,159.95
Tesla K20m,
Radeon R9 280,
GeForce GTX 690,280.99
A40-12Q,
Radeon HD 7990,399.99
Radeon R9 285 / 380,485
GeForce GTX 680,399
GRID M60-8A,
Radeon Pro WX 5100,550.95
Tesla K20Xm,
GeForce GTX 760 Ti OEM,
GeForce GTX 950,141.99
GeForce GTX 1050 Ti with Max-Q Design,
FirePro S10000,
GeForce GTX 670,193.98
Radeon HD 7970 / R9 280X,246.99
Radeon HD 8990,
GeForce GTX 760 Ti,297.5
Radeon Ryzen 7 4800H,
FirePro W7100,389.3
Q12U-1,
Radeon R9 M295X,1449
Radeon Pro Vega 20,
GeForce GTX 1050,203.1
GeForce MX550,
FirePro S9000,
Ryzen 9 5900HS with Radeon Graphics,
T550 Laptop GPU,
Radeon R9 M395,
EIZO Quadro MED-XN51LP,
Barco MXRT 7600,602.59
Radeon R9 270X,326.5
FirePro S9050,
GRID RTX6000P-6Q,
GeForce GTX 760,149
Radeon R9 M395X,
Radeon HD 7950 / R9 280,259.98
Radeon Sky 500,
GRID P40-24Q,
Radeon R9 370,159.99
Radeon Pro Vega 16,
Radeon HD 7870,176
Quadro P2000 with Max-Q Design,
B8DKMDAP,
GeForce GTX 580,139.92
Radeon Pro 465,
Radeon R7 370,
Radeon HD 7870 XT,
Quadro P1000,213.2
GeForce GTX 1050 (Mobile),
GRID M60-1B,
P104-100,299.99
Citrix Indirect Display Adapter,
GRID P6-4Q,
GeForce GTX 660 Ti,144
Quadro M2200,249.99
FirePro W7000 Adapter,
GRID GTX P40-6,
Quadro K4200,249
Barco MXRT 7500,299
GRID M60-2Q,
Radeon R9 270,
GRID P40-2Q,
GRID T4-8Q,
GRID RTX6000P-4Q,
FirePro W7000,278.05
GeForce GTX 680MX,
Radeon R9 270 / R7 370,213.16
GRID M60-1Q,
GeForce GTX 775M,
FirePro S7000,246.54
GRID V100D-8Q,
FirePro W8000,573
Radeon RX 460,166.81
GeForce GTX 480,169.99
Radeon HD 7800-serie,
Radeon RX 5500M,
GeForce GTX 660,167.95
GRID RTX8000-4Q,
Quadro M2000,264.24
GRID P6-2Q,
GeForce GTX 750 Ti,88.11
GeForce GTX 570,149.99
Quadro K5000,249
T400 4GB,
GRID M60-8Q,
Quadro K2200M,124.95
GeForce GTX 880M,
Radeon HD 8970M,139.99
GRID RTX8000P-2Q,
GRID P100-8Q,
GRID M60-4Q,
Radeon HD 7850,169.99
GeForce GTX 965M,
GeForce GTX 1050 with Max-Q Design,
Radeon HD 7970M,
Radeon Pro WX 4100,499.99
GeForce GTX 780M,499
GeForce MX450,
Radeon Pro 560X,
Quadro P620,236.49
T400,156.99
T500,
Radeon RX 560,225.91
GRID RTX8000-2Q,
GeForce GTX 680M KY_Bullet Edition,
GRID M6-8Q,
Radeon RX 5300M,
Quadro K2200,268.3
Quadro M2000M,213.16
Tesla C2050,269.99
Quadro 7000,
Tesla M10,2695
Radeon Pro 560,
Radeon Pro 460,
Tesla C2050 / C2070,
GeForce GTX 960M,1169
Radeon R9 M470X,
GeForce GTX 750,219.99
GRID K520,149.99
GeForce GTX 870M,
Radeon R9 M290X,
Radeon HD8970M,
Radeon E8870PCIe,
GRID P40-2B,
GRID M10-1Q,
Quadro M1200,
GeForce GTX 650 Ti BOOST,
Quadro P600,325.99
Radeon RX Vega M GL,
GeForce GTX 590,435
Quadro K5100M,1108.84
GeForce 770M,176.99
GRID M10-4Q,
Radeon R9 M485X,
GRID T4-4Q,
Radeon RX 560X,
RadeonT RX 5500M,
FirePro V7000,
FirePro W7170M,
GeForce GTX 470,59.99
Radeon R7 260X,139.99
Radeon Pro 555,1049
Radeon Ryzen 9 5900HX,
Tesla C2075,646
Radeon Pro 455,449
Tesla C2070,604
Intel G35 Express,
Radeon HD 7790,139.99
GeForce GTX 680M,135.99
FirePro W5000,184
GeForce GTX 560 Ti,129.99
GeForce GTX 860M,114
EIZO MED-X5000,
Radeon R7 360,145.99
Radeon R9 360,133.89
GRID T4-2Q,
Radeon R9 M390X,
Radeon R9 260,
Radeon HD 6990,498.49
Quadro M1000M,85.99
Ryzen 9 5900HX with Radeon Graphics,
FirePro W5100,125.99
GRID K260Q,
Radeon R9 M380,
Radeon R7 260,89.99
Ryzen 7 PRO 4700G with Radeon Graphics,
Quadro K1200,204
FirePro W4300,239.99
Radeon HD 6970,149.99
GeForce MX350,
Radeon Pro V340 MxGPU,
Quadro M620,
GRID K280Q,
Ryzen 7 5800H with Radeon Graphics,
Custom GPU 0405,
FirePro 3D V9800,2499
GeForce GTX 770M,138
Intel Iris Xe,
Radeon Ryzen 7 5700G,
Radeon Ryzen 7 PRO 5750GE,
Radeon Ryzen 7 5800H,
Quadro K4100M,261.29
Radeon Ryzen 9 5900H,
Quadro K5000M,508.91
Radeon Ryzen 5 4600H,
GRID K2,4449.99
FirePro V9800,474
Radeon Pro 450,
Radeon RX 550,157.74
Ryzen 9 4900H with Radeon Graphics,
GeForce GTX 560,205
Ryzen 7 5700G with Radeon Graphics,
GRID T4-1Q,
Barco MXRT 5500,299
Quadro K4000,270
Radeon Ryzen 5 5600H,
Quadro 6000,4092.38
Radeon Ryzen 9 4900H,
Ryzen 7 Pro 4750G with Radeon Graphics,
GeForce GTX 465,195
Ryzen 7 5700GE with Radeon Graphics,
FirePro M6100 FireGL V,
GRID M10-2Q,
Radeon HD 6950,139.99
FirePro R5000,109.99
GRID P6-4A,
MONSTER GeForce GTX 675M,
Radeon Pro WX 3100,
Radeon Pro,185.35
Ryzen 7 PRO 5750GE with Radeon Graphics,
Intel UHD 770,
GRID M10-8Q,
Radeon Ryzen 7 PRO 4750G,
GeForce GTX 950M,567
Ryzen 5 5600GE with Radeon Graphics,
GRID T4-2B,
Ryzen 5 5600G with Radeon Graphics,
Ryzen 7 PRO 5750G with Radeon Graphics,
Radeon Ryzen 7 4700G,
GeForce GTX 850M,
Ryzen 7 PRO 4750GE with Radeon Graphics,
GeForce MX330,
GeForce GT 1030,109.99
Radeon Ryzen 5 5600G,
GRID K240Q,
Intel UHD P630,
Radeon HD 6850 X2,
Ryzen 9 5980HS with Radeon Graphics,
FireStream 9370,
GeForce GTX 650 Ti,93.05
N18E-Q1,
GeForce MX250,
Ryzen 5 PRO 5650G with Radeon Graphics,
Radeon Ryzen 7 4700GE,
Ryzen 5 PRO 5650GE with Radeon Graphics,
Ryzen 7 4700GE with Radeon Graphics,
GeForce GTX 950A,
Ryzen 7 5800U with Radeon Graphics,
Radeon Pro WX 3200,216.99
Ryzen 7 PRO 5850U with Radeon Graphics,
FirePro 3D V8800,424.99
Radeon Ryzen 5 PRO 4650G,
GeForce GTX 960A,
P106-090,
Radeon RX Vega 11 PRD,
Ryzen 3 4300GE with Radeon Graphics,
Ryzen 5 Pro 4650G with Radeon Graphics,
Ryzen 5 5600H with Radeon Graphics,
Ryzen 3 5300GE with Radeon Graphics,
GeForce GTX 580M,248.68
Radeon RX 550X,
Radeon Ryzen 5 PRO 5650GE,
GeForce GTX 485M,
Ryzen 7 4800U with Radeon Graphics,
Ryzen 3 PRO 5350G with Radeon Graphics,
Ryzen 3 PRO 5350GE with Radeon Graphics,
GeForce GTX 675MX,
GRID M10-2B,
Radeon Ryzen 7 PRO 5850U,
Radeon Ryzen 7 5800U,
FirePro V7900,190
GeForce MX150,59.29
GRID M10-1B,
Radeon Ryzen 3 4300GE,
Ryzen 5 PRO 4400G with Radeon Graphics,
Radeon Ryzen 7 Microsoft Surface Edition,
GeForce GTX 460,89.99
Ryzen 7 5700U with Radeon Graphics,
Radeon R9 M470,
Radeon Ryzen 7 4800U,
Radeon Pro Ryzen 7 PRO 5850U,
Radeon HD 6970M,215.99
Radeon R7 250X,194
Radeon HD 8950,
Radeon HD 5870,295
Quadro K3100M,399.95
Radeon HD 5970,179.99
Quadro K620,2029.99
FirePro V8800,198
GRID P100-1B,
Radeon HD 6870,275
Ryzen 3 5300G with Radeon Graphics,
Radeon Ryzen 5 PRO 5650G,
Radeon HD 7770,300
Radeon Ryzen 7 PRO 4750GE,
Ryzen 3 Pro 4350G with Radeon Graphics,
Ryzen 7 4700G with Radeon Graphics,
Radeon Ryzen 5 4600G,
RadeonT R7 450,
Ryzen 5 PRO 5650U with Radeon Graphics,
Ryzen 3 PRO 4350GE with Radeon Graphics,
GeForce GTX 745,284.95
Intel Iris Pro P580,
Radeon Ryzen 3 PRO 4350G,
Ryzen 5 5600U with Radeon Graphics,
Ryzen 7 Extreme Edition,
Radeon Ryzen 7 PRO 5750G,
Radeon Ryzen Embedded V2718,
Radeon Ryzen 5 PRO 5650U,
Radeon Ryzen 7 4850U Mobile,
Radeon RX Vega 11,1002
Quadro P520,1499
Ryzen 7 4800H with Radeon Graphics,
Radeon TM R9 A360,
FirePro M5100,
Radeon Ryzen 5 Microsoft Surface Edition,
GeForce GTX 560 SE,89.99
GRID M6-1Q,
Ryzen 5 4600G with Radeon Graphics,
Quadro 5000M,
GeForce GTX 480M,
Radeon Ryzen 7 4700U,
Radeon Ryzen 5 PRO 4650GE,
FirePro V7800,190
Ryzen 7 4700U with Radeon Graphics,
Ryzen 7 PRO 4750U with Radeon Graphics,
Radeon Ryzen 7 PRO 4750U,
Radeon R9 M385,
Radeon Ryzen 5 5600U,
Radeon Pro W5500M,
Quadro M600M,251.99
Ryzen 5 PRO 4500U with Radeon Graphics,
Radeon R9 350,299
GeForce GT 645,
GeForce GTX 460 v2,199.99
Ryzen 5 5500U with Radeon Graphics,
Intel Iris Pro 580,
Quadro 5000,2368.9
Radeon R7 + R7 350 Dual,
Quadro M520,
Radeon HD 6850,85
Ryzen 5 PRO 4650GE with Radeon Graphics,
GeForce GTX 460 SE,159.99
Intel Iris Xe MAX,
GeForce GTX 765M,186.3
Radeon HD 5850,288.99
Radeon R7 450,299
Radeon R9 M275X,
Radeon R7 + HD 7700 Dual,
Intel UHD ReleaseInternal,
Radeon 550,99.99
Radeon HD 7660D + HD 7700 Dual,
GeForce GTX 470M,
Ryzen 5 4600U with Radeon Graphics,
Quadro K4000M,254
FirePro M6100,
GeForce 945M,
Ryzen 5 4600H with Radeon Graphics,
Radeon Pro WX 4150,612.03
GeForce GTX 675M,
Radeon R9 M385X,
Radeon RX 570X,279.99
Radeon HD 7560D + 7700 Dual,
GeForce GTX 570M,
GeForce GTX 670MX,
Matrox C680 PCIe x16,
Ryzen 3 4300G with Radeon Graphics,
Radeon HD 7700-serie,
GeForce MX130,
Radeon HD 8670D + HD 7700 Dual,
Quadro 5010M,235.95
GeForce MX230,
Radeon Pro WX 4130,
FirePro 3D V7800,599.99
GeForce GTX 645,
GeForce 945A,
Intel Iris Plus,
Radeon Vega 11,
Radeon R9 M375X,
FirePro M5100 FireGL V,
GRID M60-0B,
Radeon HD 8570D + HD 7700 Dual,
MxGPU,
FirePro M6000,325.99
Ryzen 5 4500U with Radeon Graphics,
Matrox C900 PCIe x16,
RadeonT RX 560X,
GeForce GTX 555,
RadeonT 540X,
Radeon Ryzen 5 4600U,
Radeon HD 8870M / R9 M270X / M370X,
Radeon RX Vega 11 Processor,
Radeon Ryzen 5 4500U,
Ryzen 3 PRO 4200G with Radeon Graphics,
Embedded Radeon E9173,
Intel Iris 650,
Radeon RX 540,
Radeon HD 8670D + 7700 Dual,
Ryzen 3 PRO 4200GE with Radeon Graphics,
GeForce GTX 670M,
Intel UHD 750,
Intel Iris Plus 655,
GeForce GTX 650,109.98
Radeon Pro WX 2100,
Radeon R9 M360,
FirePro W600,414.99
Intel UHD P750,
Intel Iris Plus 645,
Radeon HD 5830,258.99
Ryzen 3 5400U with Radeon Graphics,
Radeon RX Vega11,
Radeon Ryzen 3 PRO 4200GE,
Radeon HD 6900M,
FirePro M6000 Mobility Pro,
Radeon Ryzen 5 PRO 4650U,
Radeon HD 7750,99.99
Ryzen 5 PRO 4650U with Radeon Graphics,
Radeon RX Vega 10,
GeForce GTX 760M,
Qualcomm Adreno 8cx Gen 3,
Radeon R7 M380,
Radeon Vega 9,
Intel Iris Pro P6300,
Radeon HD HD7850M,
Radeon HD 8870M,
Quadro K3000M,407.56
Radeon E8860,
Ryzen 3 5300U with Radeon Graphics,
Radeon R7 M465X,
Ryzen 7 2700U with Radeon Vega,
Quadro K2000D,339.99
Quadro P400,201.17
Radeon HD 6790,294
GeForce GT 755M,
Seria Radeon HD 7700,
FirePro M4000,72.83
Radeon Ryzen 3 4300G,
Radeon Vega 8,126.86
FirePro M4000 Mobility Pro,
Intel UHD,
Intel Iris Plus 650,
Radeon R9 M275X / M375,
Quadro K2000,294
RadeonT RX 640,
GeForce GTX 550 Ti,99.99
Radeon Vega 10,
Ryzen 3 PRO 5450U with Radeon Graphics,
Firepro W5170M,
Radeon HD 7560D + HD 6670 Dual,
Intel UHD 730,
Radeon RX Vega 8,
GeForce GTX 285,119.99
Radeon HD 8470D + HD 7500 Dual,
Ryzen 3 PRO 4300U with Radeon Graphics,
FirePro W4100,184
FirePro V8700,157.88
Ryzen 3 PRO 4450U with Radeon Graphics,
Radeon RX 640,
Radeon HD 4890,89.99
GeForce GT 740,236.99
FirePro W6150M,
Quadro P500,
Radeon HD 7870M,
Radeon Ryzen 3 PRO 4450U,
GeForce 940MX,
Ryzen 5 2500U with Radeon Vega,
Radeon HD 6670 + 7660D Dual,
Quadro 4000,978.99
Radeon HD 7660D + HD 6670 Dual,
Radeon R9 255,344.16
Radeon R9 M365X,
GeForce MX110,
Radeon Vega 10 Mobile,
Radeon Ryzen 3 PRO 4350GE,
Ryzen 5 PRO 4400GE with Radeon Graphics,
Radeon Vega 8 Mobile,
Radeon HD 8470D + HD 6670 Dual,
GeForce 845M,
Radeon 550X,
Intel Iris Pro Graphics 6200,
Radeon HD 7560D + 7670 Dual,
Radeon R7 M370,
GeForce GTX 660M,78.99
Radeon Ryzen 5 4600GE,
Radeon Pro WX 4170,
Radeon Ryzen 3 PRO 5350G,
Radeon Ryzen 3 5300G,
GeForce GTX 275,431.72
Radeon 540X,
Radeon HD 4870,79.99
Radeon HD 7560D + HD 7670 Dual,
Radeon R7 PRO A12-8870,
Radeon R9 M370X,889
Radeon HD 7850M,
FirePro M40003,
Radeon HD 8670D + 6670 Dual,
Radeon HD 5770,189.99
Quadro K2100M,415.99
Ryzen 3 4300U with Radeon Graphics,
Radeon HD 7560D + HD 7700 Dual,
Intel Iris 550,
FirePro W5130M,
FireStream 9270,
Intel Iris Plus 640,
GeForce GTS 450,79.99
Radeon HD 8670D + HD 7600 Dual,
FirePro M5950,
GeForce GT 750M,
Radeon R7 PRO A8-8670E,
Radeon Ryzen 3 4300U,
Radeon HD 4870 X2,
Quadro 4000M,232.06
Radeon HD 8790M,
Tesla M2070-Q,
GeForce 930MX,
TENSOR 1.0 Driver Intel HD 630,
Radeon Ryzen Embedded V2748,
Radeon Vega 6,1799.99
Intel UHD 630,
Radeon R7 A370,
Radeon R7 A10-7870K,
Radeon 540,
FirePro 3D V8750,1230.99
FirePro V5900,86
GeForce GTX 560M,
Radeon HD 8570D + HD 6670 Dual,
Radeon HD 7560D + HD 7600 Dual,
Intel Iris 540,
Quadro FX 5800,274
Radeon 630,
Quadro 2000 D,
Radeon HD 8570D + 6570 Dual,
Radeon HD 7660D + 6670 Dual,
Intel HD P630,
Radeon HD 7560D + HD 6570 Dual,
GeForce GPU,
Radeon R7 + R5 340 Dual,
FirePro 3D V5800,204
Radeon R7 + R7 250 Dual,
Radeon HD 6770,264.99
Radeon HD 8670D + HD 6670 Dual,
GeForce GTX 260,79.99
Radeon HD 7730,232.7
Radeon HD 8790M / R9 M290X,
FirePro 3D V8700,170.07
N16P-GX,
Radeon HD 7660D + 7540D Dual,
Radeon R9 M270X,
Intel HD P530,
GeForce GT 650M,
GeForce GTX 460M,
Radeon HD 7750M,
Radeon R7 +8G,
FirePro V5800,53
Radeon Ryzen 3 5400U,
GeForce GT 640,109.99
GeForce GTX 280,522.78
GeForce 840A,
GeForce GTX 295,159.99
Radeon R7 Opteron X3421,
FireStream 9250,
Barco MXRT 5400,203
Intel Coffee Lake UHD,
Quadro K620M,
Radeon HD 5750,69.99
Radeon R7 250,189.97
Radeon 625,
GeForce 940A,
GeForce GT 745A,
Radeon Ryzen 3 PRO 5450U,
NVS 810,624.99
Radeon HD 8850M / R9 M265X,
Radeon R7 A10-9700E RADEON,
Radeon HD 4850 X2,
Radeon HD 7560D + 6670 Dual,
Radeon R7 + R7 200 Dual,
Radeon R7 FX-9830P RADEON,
Radeon HD 8650G + 7700M Dual,
Radeon HD 7660D + 7500 Dual,
Intel HD 630,
Radeon R7 PRO A12-9800,
Radeon R9 M275,699.99
Radeon R7 430,199.99
Intel UHD 710,
GeForce 940M,
Quadro 2100M,
Radeon HD 7660D + 6570 Dual,
Quadro M500M,
GeForce GT 545,55.59
Radeon R5 PRO A6-9500 2C+6G,
GeForce GTX 850M - MODDED,
GeForce 920MX,
Firepro W4190M,
GeForce 930A,
Quadro K1100M,322.99
MIRRORV3,
Barco MXRT 5450,199.99
Radeon HD 8450G + 8600/8700M Dual,
FirePro M4170,
GeForce 840M,
"Radeon R5 PRO A6-8570 R5, 8 COMPUTE CORES 2C+6G",
Mobility Radeon HD 5870,
Radeon HD 7660D + 7670 Dual,
Radeon HD 7520G + 7700M Dual,
GeForce GTX 760A,
Firepro M4100,
GeForce GT 745M,
OPAL XT/GL,
GeForce GTX 850A,
Radeon HD 7670A,
Radeon R7 PRO A8-9600,
Radeon 535,
Radeon R7 A12-9730P RADEON,
Radeon R7 + R7 240 Dual,
Radeon HD 8570D + 6670 Dual,
Radeon R7 M460,
Intel UHD Graphics 620,
Radeon HD 8570D + HD 8570 Dual,
Radeon HD 8600/8700M,
Radeon Vega 3 Mobile,
Radeon R7 + R5 330 Dual,
Quadro K2000M,144.04
Radeon R7 M350,
Quadro 3000M,69.99
Radeon R9 A375,
Intel Iris Pro 5200,
Radeon HD 8670D + R7 240 Dual,
Radeon HD 6700M,
RadeonT R5 430,
Radeon R5 A6-9500E 2C+4G,
GeForce 930M,
Radeon HD 7690M XT,
GeForce 830A,
Radeon HD 6750,79.99
Radeon HD 7690M,
Radeon HD 7660G + HD 7500/7600 7500/7600 Dual,
"Radeon R5 PRO A6-9500 R5, 8 COMPUTE CORES 2C+6G",
FirePro M4150,
Radeon HD 7660G + HD 7500M/7600M Dual,
Radeon HD 8570D + R7 200 Dual,
Radeon HD 7640G + HD 8750M Dual,
Radeon R5 340,
Radeon HD 8570,98.68
Quadro 2000D,140
Radeon R7 A12-9800 RADEON,
Radeon HD 7560D + 7570 Dual,
Intel HD 530,
Radeon HD 8690M,
Radeon HD 7560D + 7560D Dual,
Radeon R7 A10-7850K,
Quadro FX 4800,204
Radeon R5 A10-9630P 4C+6G,
GeForce 830M,
Radeon R7 A10-9700 RADEON,
FirePro V4900,149.99
Radeon HD 8670D + 8570 Dual,
Radeon HD 8850M,
Radeon R6 A10-9600P 4C+6G,
Radeon HD 7660G N HD 7660G + HD 7700M N HD 7700M D,
Radeon R7 M465,
Radeon HD 6770M,
Radeon HD 8570D + R7 240 Dual,
Radeon R7 M270DX,
Radeon R7 PRO A12-8870E,
GeForce GT 645M,
Radeon R7 A10 PRO-7850B,
Radeon R6 Opteron X3418,
Radeon R7 A265,
FirePro W4170M,
Radeon HD 4850,378
Qualcomm Adreno 690 GPU,
Radeon HD 8670D + R7 200 Dual,
Radeon HD 8570 + HD 7660D Dual,
Radeon R7 A8-7500,
Quadro CX,149.95
Radeon R7 M260X,
Radeon HD 6670/7670,
Radeon HD 7640G + 7690M Dual,
Radeon 530,
Radeon R7 PRO A10-8850B,
zxcvIntel HD 620,
Quadro 2000,213.23
Radeon HD 7660D + R7 240 Dual,
Radeon R7 A12-9800E RADEON,139.19
Radeon R7 PRO A12-9800E,
Radeon R5 430,59
Radeon HD 6750M,
Radeon HD 7560D + HD 8570 Dual,
Radeon R7 PRO A10-9700E,529
Radeon HD 7660G + 7730M Dual,
Radeon R7 340,
Radeon R7 PRO A10-8770,
Radeon R7 240 + HD 8670D Dual,
Radeon R9 M265X,
Radeon. HD 7730M,
Intel Iris Pro 6100,
Intel HD Graphics 620,
Radeon R9 M280X,
Radeon R7 240 + HD 8570D Dual,
GRID M10-0Q,
Radeon R7 A8-8650,
Radeon R7 M445,744
GRID K220Q,
GRID M6-0B,
Radeon R7 A10-7860K,
Radeon 6750M,
GeForce GT 640M,
Intel Iris 6100,
Radeon HD 4770,59.99
Barco MXRT 7400,99
Radeon HD 8550G + 7600M Dual,
Barco MXRT 2600,199
Radeon R7 + R5 Dual,
Radeon R7 PRO A10-8770E,
7900 MOD - Radeon HD 6550D,
FirePro W2100,59
Intel UHD 620,
Radeon Vega 3,2677.99
Radeon R7 + R5 435 Dual A10-9700 RADEON,
Radeon R7 A10-8750,
Radeon HD 8650G + 7670M Dual,
Radeon R7 M365X,
Radeon R7 PRO A12-8830B,
Radeon HD 7660G + HD 7730M Dual,
GeForce GT 445M,
"Radeon R5 A6-9500 RADEON R5, 8 COMPUTE CORES 2C+6G",
Radeon E6760,239.99
LMIMIRR,
GeForce 920A,
Radeon R7 G,
Radeon HD 8570D + HD 6570 Dual,
Intel HD 520,
Mobility Radeon HD 4850,
"Radeon R5 PRO A6-8570E R5, 6 COMPUTE CORES 2C+4G",
Radeon R7 A8-7670K,
Radeon HD 8470D + HD 6450 Dual,
Radeon R7 240,109.99
Radeon R7 M440,
Radeon HD 4830,59.99
Radeon HD 8750M,
Radeon HD 8550G + HD 7600M Dual,
FirePro 3D V4800,159.99
Radeon HD 8500M/8700M,
Radeon R5 A6-9500 2C+6G,
Radeon R7 A8-7500 4C+6G,
GeForce GT 635,66.94
Intel HD 6000,
Intel UHD 617,
Radeon R5 PRO A6-8570 2C+6G,
Radeon R5 435,
Radeon 620,
FireGL V8600,
Radeon HD 8470D + 6570 Dual,
Radeon HD 8670D + R5 235 Dual,
Radeon HD 6650A,
Radeon 520,89.99
Radeon HD 7560D + 6570 Dual,
Radeon HD 7520G + HD 7500/7600 Dual,
Radeon HD 7660G + 7600M Dual,
Radeon HD 8650G + 8600/8700M Dual,
Intel HD 5200,
3DP Edition,1159.99
GRID M60-0Q,
Radeon HD 7640G N HD 7640G + HD 7600M N HD 7600M D,
Radeon HD 3850 X2,
Radeon HD 7540D + 7500 Dual,
Radeon R7 M260DX,
Radeon HD 8650G + HD 7600M Dual,
Radeon HD 8550G + HD 8750M Dual,
GeForce GT 730M,
Radeon R7 A10 Extreme Edition,
Radeon 535DX,
Radeon HD 7670,
GeForce GT 730,109.99
Radeon HD 8670D + 7000 Dual,
GRID K1,395
Radeon R5 A6-7480,
Radeon R8 M445DX,
Radeon HD 8550G + 8600/8700M Dual,
Radeon HD 8650G + HD 8790M Dual,
GeForce 9800 GX2,195
Radeon R7 A8-9600 RADEON,
Radeon HD 8550G + 8750M Dual,
Radeon HD 8650G N HD 8650G + HD 8600/8700M Dual,
Radeon R5 M435,
Radeon HD 8650G + 8750M Dual,
Radeon HD 5670,67
Radeon R7 A8-7600,
Radeon R7 A10-7890K,
Radeon R7 A365,
Radeon R7 PRO A6-9500 2C+6G,
Quadro FX 3800,259.13
GeForce GT 740M,
Radeon HD 8650G + HD 8750M Dual,
GRID P40-4Q,
Radeon HD 7660G + HD 7700M Dual,
Radeon HD 7640G + 7500M/7600M Dual,
Quadro K420,269
Radeon R7 FX-8800P,
RadeonT Vega 3,
GeForce GT 340,52.99
Mobility Radeon HD 5000,
Quadro 2000M,229.74
Quadro K1000M,69.95
Radeon HD 7600M + 7600M Dual,
Radeon HD 8650G N HD 8650G + HD 8570M Dual,
Radeon R7 A10-8850,
Radeon R5 PRO A6-9500E 2C+4G,
Radeon R7 PRO A10-9700,
GeForce 730A,
GeForce 825M,
GeForce 9800 GTX,74.99
Quadro K600,60.24
Radeon HD 4810,
GeForce GT 440,225
Radeon HD 8650G + HD 8600/8700M Dual,
Mobility Radeon HD 5850,
Radeon HD 6450 + 8470D Dual,
Radeon R9 M375,
Intel UHD 615,
Radeon HD 7660G + HD 7500/7600 Dual,
Radeon R7 A12-9720P RADEON,365.48
Intel Iris 5100,
Radeon HD 7660G + HD 8500M Dual,
Radeon HD 8650G + HD 8600M N HD 8600M Dual,
Radeon R7 PRO A10-8750B,
Radeon R7 PRO A10-9700B,
Radeon HD 7660G + 7700M Dual,
Quadro 1100M,
Radeon HD 7640G + 7450M Dual,
Radeon HD 8570D + HD 7000 Dual,
Radeon HD 6650M,
Radeon R7 A8-7680,
IncrediblE HD 4600,
Radeon M535DX,
Radeon R7 A10-7700K,
Radeon HD 7640G + 7650M Dual,
Radeon HD 7660G + HD 8600/8700M Dual,
Radeon HD 7660G + 7610M Dual,
Radeon HD 8670D + R5 330 Dual,
Radeon HD 6670,68.99
Radeon R5 235 + HD 7560D Dual,
GeForce GT 730A,
Radeon HD 7660G + 7670M Dual,
Radeon HD 8650G + 7600M Dual,
Radeon R8 M365DX,
Radeon R7 PRO A8-8650B,
Intel Poison Ivy,
Radeon HD 7670M + 7670M Dual,
Radeon R5 235 + HD 8570D Dual,
Radeon R7 M270,
Radeon R5 A10-9620P 4C+6G,
NVS 510,139.99
Intel UHD 610,
Radeon HD 7550M/7650M,
GRID K140Q,
Radeon R7 FX-9800P RADEON,530
Radeon HD 6800M,
GeForce 720A,
Intel HD 615,
GeForce 920M,
Radeon HD 7660G N HD 7660G + HD 7600M N HD 7600M D,
Radeon HD 8650G + R5 M200 Dual,
Radeon R7 PRO A12-9800B,
Asus GTX 650 FML II EC-EGPU,
Mobility Radeon HD 4870,
Radeon HD 7540D + 6570 Dual,
Radeon HD 8670D + HD 7000 Dual,
"Radeon R5 PRO A8-9600B R5, 10 COMPUTE CORES 4C+6G",
Radeon HD 8470D + 6450 Dual,
Radeon HD 8650G + HD 8570M Dual,
"Radeon R5 A10-9600P RADEON R5, 10 COMPUTE CORES 4C",
Intel HD 5600,
Radeon HD 7660G + HD 8670M Dual,
Radeon HD 3870 X2,
Quadro K610M,240
Radeon HD 6550A,
Radeon HD 7660G + HD 7670M Dual,
Radeon HD 7640G + 7600M Dual,
Radeon HD 7660G N HD 7660G + HD 7670M Dual,
Tesla K40m,
Radeon HD 7640G + HD 7600M Dual,
Radeon R7 A8-7650K,
Radeon R7 A12-9700P RADEON,435.92
GeForce GT 740A,
Radeon HD 7570M/HD 7670M,
TRINITY DEVASTATOR MOBILE,
Radeon R5 PRO A10-8730B 4C+6G,
Radeon R5 PRO A6-9500B 2C+4G,
Radeon HD 7640G + 7700M Dual,
Radeon R7 A10-7800,
Radeon R5 PRO A6-8530B 2C+4G,
Radeon R7E,
Radeon HD 7640G + 8600/8700M Dual,
GeForce GT 555M,177.2
Radeon HD 8650G + R5 M230 Dual,
Radeon HD 6630M,
Radeon HD 8550D,
GeForce GT 630,147.01
GRID P40-3Q,
Radeon HD 7640G N HD 7640G + HD 7670M Dual,
Radeon HD 8650G N HD 8650G + HD 8600M N HD 8600M D,
GeForce GTS 160M,
Radeon HD 7640G + HD 8670M Dual,
GeForce GT 530,49
GeForce GTX 285M,
Quadro FX 4700 X2,
Radeon HD 8610G + R5 M200 Dual,
Radeon R7 A360,
GeForce GT 640M LE,849.99
Intel HD 610,
Radeon R8 M535DX,
Radeon HD 7640G + HD 8500M N HD 8500M Dual,
FirePro M7740,
Quadro 500M,275.14
Radeon HD 8550G + 8690M Dual,
FirePro V3900,238.44
Radeon HD 5600/5700,
FireGL V7700,69.99
Radeon HD 2900 XT,
Radeon HD 8730M,
Radeon R5 PRO A8-9600B 4C+6G,
GeForce GT 140,
Radeon R6,
GeForce GTS 360M,
Radeon HD 7640G + 8750M Dual,
Radeon HD 8550G + HD 8600/8700M Dual,
Professional HD Driver,
Radeon HD 8650G + 8570M Dual,
Radeon HD 7520G + HD 8750M Dual,
SUMO 9640,
Radeon R5 M430,
FireStream 9170,
Radeon HD 6670 + 6670 Dual,
Radeon HD 8610G + HD 8500M Dual,
Radeon R7 M340,
Radeon HD 7640G + 7670M Dual,
Radeon HD 7540D + HD 6450 Dual,
Radeon R7 PRO A12-8800B,
GeForce 8800 Ultra,
Radeon R5 PRO A6-8570E 2C+4G,
GeForce GT 710,102.99
Radeon HD 7640G + 7400M Dual,
Radeon HD 8450G + 8750M Dual,
GeForce 9800 S,
Matrox C420 LP PCIe x16,
NVS 5400M,
Radeon HD 8650G + 8670M Dual,
Radeon HD 7660D + HD 7000 Dual,
Radeon HD 7730M,
Radeon HD 8650G + HD 7670M Dual,
GeForce 9800 GTX/9800 GTX+,89.99
Radeon HD 7610M,
Radeon HD 7640G + HD 7700M N HD 7700M Dual,
Radeon HD 7660G + 7470M Dual,
Radeon HD 8510G + HD 8500M Dual,
GRID K160Q,
Quadro FX 3800M,
Radeon HD 2900 PRO,
GeForce GT 820M,
Intel HD 4600,
Radeon HD 7640G + 7500/7600 Dual,
Radeon HD 8650G + 8500M Dual,
Radeon R7 A8 PRO-7600B,
"Radeon R5 A10-9620P RADEON R5, 10 COMPUTE CORES 4C",
Intel HD P4600/P4700,
Radeon HD 7520G + HD 8600/8700M Dual,
Radeon R5 A6-8500P,
Intel HD 515,
GeForce 810A,
GeForce GTS 240,64.99
GeForce GTX 280M,
Radeon HD 7640G + HD 7400M Dual,
Radeon HD 8570 + 8670D Dual,
Intel HD 510,
Radeon HD 8550G + R5 M200 Dual,
Radeon R5 A10-9600P 4C+6G,
GeForce GTS 250,69.99
Radeon HD 8550G + 8600M Dual,
Radeon HD 7500G + 7500M/7600M Dual,
FireGL V7600,
Radeon HD 7660G + HD 7600M Dual,
Radeon HD 7570,102.49
Radeon HD 8650G + 8600M Dual,
Radeon HD 8550G N HD 8550G + HD 8600M N HD 8600M D,
7900 MOD - Radeon HD 6520G,
Quadro K510M,
Radeon HD 8610G + 8500M Dual,
Radeon HD 7640G + HD 8500M Dual,
GeForce GT 720,99.99
Radeon HD 8650G + HD 8600M Dual,
Intel HD P4600,
"Radeon R5 A6-9400 RADEON R5, 6 COMPUTE CORES 2C+4G",
GeForce GT 430,139.99
Radeon HD 8550G + 8500M Dual,
GeForce GT 720A,
Radeon HD 8610G + 8670M Dual,
Quadro 1000M,54.5
"Radeon R5 PRO A10-8730B R5, 10 COMPUTE CORES 4C+6G",
GeForce 8800 GTX,119.99
Radeon HD 8510G + 8500M Dual,
Radeon R5 M330,
Radeon HD 7640G + 7470M Dual,
GeForce GT 735M,
Radeon HD 8550G + HD 8600M Dual,
GeForce 8800 GTS 512,
Radeon HD 7520G + 7600M Dual,
Radeon HD 7640G + HD 7700M Dual,
Radeon HD 8610G + 8600M Dual,
Radeon HD 7520G + 7610M Dual,
Radeon HD 7660G + 7400M Dual,
Radeon HD 7660G + 8670M Dual,
Radeon HD 7640G + HD 8600/8700M Dual,
Radeon HD 7640G + 8500M Dual,
Radeon HD 8650G + HD 8670M Dual,
Intel HD 5500,
Radeon HD 7520G + 7500/7600 Dual,
GeForce GT 550M,
"Radeon R5 A10-9630P RADEON R5, 10 COMPUTE CORES 4C",
Radeon HD 8550G + 8670M Dual,
GeForce 910M,
Radeon HD 8450G + R5 M230 Dual,
Radeon HD 8610G + HD 8670M Dual,
Intel Skylake HD DT GT2,
Radeon HD 7620G + 8670M Dual,
Radeon HD 3870,69.99
Radeon R5 A240,
Radeon R7 M265,
Radeon HD 7520G + HD 7700M Dual,
Radeon HD 7520G N HD 7520G + HD 7500/7600 7500/760,
Radeon HD 8450G + HD 8670M Dual,
Radeon R5 420,39.95
Intel i gfx-driver-ci-master-9938 DCH-I,
Radeon R6 M255DX,
"Radeon R6 PRO A8-8600B R6, 10 Compute Cores 4C+6G",
Radeon R6 + R7 M265DX Dual,
GeForce GTS 250M,
Radeon HD 7560D + 6450 Dual,
GeForce 820A,
Radeon HD 6610M,
Radeon HD 7650A,262
GeForce GT 635M,
Intel HD 5000,625
Radeon HD 7560D + R5 235 Dual,
Quadro FX 5600,295
Radeon R7 A10 PRO-7800B,
Radeon HD 7640G + R5 M200 Dual,
Radeon HD 8550G + HD 8500M Dual,
Radeon HD 7640G + 8570M Dual,
Radeon HD 7640G + 8670M Dual,
Radeon HD 7600G + HD 7500M/7600M Dual,
GF117,
GeForce 615,
Radeon R7 M360,
Radeon R7 7850A10-7850K,
FireGL V8650,298.99
GeForce GT 630M,
Radeon R5 M335,
Mobility Radeon HD 3870,
Radeon HD 8670D,
FirePro 3D V5700,319.99
Quadro 600,76
Radeon HD 8550G + HD 8670M Dual,
FirePro 3D V7750,350
Radeon HD 7520G + HD 7400M Dual,
Radeon HD 8450G + 8600M Dual,
Mobility Radeon HD 5570,
Radeon HD 7600G + HD 8670M Dual,
GeForce GT 240,160.97
Quadro FX 2700,
Radeon HD 7520G + 7470M Dual,
Radeon R6 A10-8700P,
GeForce 9800 GTX+,
KV SPECTRE LITE MOBILE 25W,
Radeon R6 PRO A10-8700B 4C+6G,
GRID K180Q,
NVS 5200M,
Radeon HD 7560D + HD 7000 Dual,
Radeon HD 8550G + 8570M Dual,
RADEON HD6530D,
Radeon R6 PRO A8-8600B 4C+6G,
Radeon HD 8550G + HD 8570M Dual,
Radeon HD 7640G + 6400M Dual,
Radeon HD 7600G N HD 7600G + HD ON HD Dual,
Radeon HD 8650D,
"Radeon R6 PRO A10-8700B R6, 10 Compute Cores 4C+6G",
Radeon HD 7660D + R5 235 Dual,
Radeon HD 7520G + 7670M Dual,
GeForce GT 435M,
Intel HD 4400,
MCT USB3.0 External Device,
Radeon HD 8670M,
Radeon R5 240,85
GeForce 8800 GT,69.99
Radeon HD 7640G + HD 7670M Dual,
GeForce GT 425M,
IncrediblE HD 4000,
Intel HD P4000,
A10-8700P,
Radeon 6600M,
Radeon R5 330,339.99
Mobility Radeon HD 4830,
GeForce 820M,
Radeon HD 7640G + 7610M Dual,
Radeon HD 7600G + HD 7550M Dual,
Radeon HD 7620G + 8600M Dual,
Radeon R5 PRO A6-8500B 2C+4G,
Radeon HD 7620G + HD 8670M Dual,
GeForce 9600 GT,64.99
GeForce GTS 150M,
Radeon HD 7660D,
Radeon HD 8450G + HD 8750M Dual,
Radeon R7 M265DX,
SUMO 964A,
TRINITY SCRAPPER MOBILE,
Radeon HD 7500G + 7550M Dual,
ASUS EAH4870x2,
Radeon HD 6570,63.81
Radeon R5 M255,
Radeon HD 7520G + HD 7670M Dual,
GeForce GT 540M,87.95
GeForce GT625M,
Radeon Vega 2,
Radeon HD8530M,
Radeon HD 8670D N HD 8670D + HD 8670D Dual,
Radeon HD 8550G + R5 M230 Dual,
Mobility Radeon HD 5730,
Radeon HD 7520G + 7400M Dual,
Radeon R4E,
Radeon HD 7670M,629.99
GeForce 9800 GT,74.99
Radeon HD 8610G + HD 8600M Dual,
Quadro K500M,
Mobility Radeon HD 5000 Serisi,
Radeon HD 8650G,
Mobility Radeon HD 3870 X2,
Radeon HD 7660G,
Radeon R5 M315,
Radeon HD 7640G + HD 8570M Dual,
Radeon HD 8450G + 8670M Dual,
Radeon R6 A8-8600P,
Radeon HD 5570,163.99
"Radeon R5 PRO A6-9500B R5, 6 COMPUTE CORES 2C+4G",
FirePro 3D V3800,149.99
Radeon HD 7560D,
Radeon HD 8570D + R5 235 Dual,
Radeon HD 7600G + 8500M/8700M Dual,
Radeon R5 M420,
Quadro FX 1800M,
GeForce 800M,
GeForce GT 720M,
Quadro FX 3600M,
Quadro FX 3700M,925
Radeon HD 7660D + 7470 Dual,
Radeon HD 8690A,
SUMO 9644,
FirePro V5700,188.06
Radeon HD 7550M,
Mobility Radeon HD 4670,
GeForce 8800M GTX,
GeForce 9800M GTX,328.5
GeForce 9800M GS,
GeForce GT 525M,
Radeon HD 7660G + HD 7600M N HD 7600M Dual,
GeForce 705M,
Radeon HD 7520G + 7650M Dual,
HIS DIGITAL HD 4650 AGP,
Radeon HD 7620G N HD 7620G + HD 8600M N HD 8600M D,
Radeon HD 8450G + HD 8600M Dual,
Radeon R7 M260,799
GeForce 710A,
Intel HD Family,
Mobility Radeon HD 5650,
Radeon HD 7650M,
GeForce 710M,
Qualcomm Adreno 680 GPU,
Radeon HD 7640G,
Radeon HD 7520G + HD 7600M Dual,
Radeon HD 7660G + 8600M Dual,
PHDGD Ivy 5,
Radeon HD 7570M,
GeForce GT 320,32.69
GeForce GT 710M,
Radeon HD 7620G + HD 8600M Dual,
Radeon HD 8350G,
GeForce 8800 GTS,79.99
Quadro FX 4600,333.25
Quadro 410,129
GeForce GT 625M,
Radeon HD 7600G + HD Dual,
Radeon HD 8410G,
Radeon HD 8570D,
Quadro FX 2800M,190
Radeon HD 3850 AGP,
Radeon R5 M240,
GeForce GT 620M,
GeForce 800A,
GeForce 9800M GT,
Radeon HD 7640G + HD 7500/7600 Dual,
Radeon HD 7600G + 7550M Dual,
Radeon HD 7640G N HD 7640G + HD 8570M Dual,
RADEON HD6410D,
GeForce GT 330,39.99
Radeon HD 8570M,
Intel 4th Generation Haswell HD,
GeForce GT 420M,
Radeon R5 M320,
Radeon HD 6550D,
Radeon HD 8610G,
GeForce GTX 260M,
GeForce GT 420,155
Radeon HD 3850,
GeForce GTS 350M,
Radeon HD 7470M,
Radeon HD 7640G + HD 7600M N HD 7600M Dual,
FirePro M2000,
Radeon HD 7600G + 7500M/7600M Dual,
Quadro FX 1800,135
RADEON E4690,
Radeon HD 8550G,
GeForce 810M,
Mobility Radeon HD 4650,
GeForce GT 335M,
Radeon HD 8500M,
Radeon R5 Opteron X3216,
Radeon R5 M230,
Radeon HD 7600G + 7450M Dual,
IncrediblE HD,
Intel HD 5300,
GeForce 7900 GTX,
Quadro FX 3700,213.27
Radeon HD 4670,142.96
Radeon HD 5550,54.99
GeForce 8800M GTS,
GeForce 9800M GTS,
Radeon HD 6490M,1193.03
Radeon HD 7520G + 8750M Dual,
Radeon HD 7600G + 6400M Dual,
PHDGD Ivy 4,
Radeon HD 8570D + HD8490 Dual,
Intel UHD 605,
GeForce GT 610M / GT 620M / GT 710M / GT 720M / GT,
Matrox Millennium P690 PCIe x16,
Mobility Radeon HD 3850,
Radeon HD 7620G,
Radeon HD4670,
GeForce GT 620,154
Radeon HD 7520G N HD 7520G + HD 7600M N HD 7600M D,
Radeon HD 7660G + HD 8600M Dual,
Radeon HD 8470D,
Radeon HD 8450G,
Radeon HD 8510G,
Quadro FX 2700M,99.95
Radeon HD 7500G + HD 7500M/7600M Dual,
GeForce GT 705,296.76
Radeon HD 6620G,
Mobility Radeon HD 565v,
Radeon HD 6480M,
Radeon HD 7580D,
GeForce 9600 GSO,49.99
GeForce GT 130,151.34
GeForce 9600 GSO 512,
GeForce 7950 GT,203.99
FireGL V5600,225
FirePro 3D V3750,50.88
Radeon HD 8310E,
Radeon HD 7660D + HD 7400 Dual,
Intel HD 505,
Radeon HD 8570D + HD 8470 Dual,
Radeon HD 7540D,
FirePro RG220,650.18
Intel HD 4000,1592.95
FirePro V3800,124.99
GeForce 8800 GS,
Radeon R4,396.99
Radeon R5 310,499
Radeon HD 7450M,
Radeon HD 7500G,
GeForce GT 625,
Radeon HD 7600G + HD 7400M Dual,
Radeon R5 235,60.13
Intel UHD 600,
GeForce 9700M GTS,
GeForce GT 120 / 9500 GT,
Radeon HD 6530D,
Radeon E6460,
GeForce GT 230,43.99
GeForce 240M GT,
Radeon HD 7600G,
RADEON HD6370D,
Radeon HD 8280,
Mobility Radeon HD 560v,
Radeon HD 7470,81.37
Radeon HD 7520G,
Radeon HD 7420G,
Radeon HD 7520G + 8600/8700M Dual,
Radeon HD 8370D,
Quadro FX 3500M,99.99
GeForce 605,136.83
Radeon R3,
GeForce GT 610,139.99
Radeon R1E,
Intel Q965/Q963 Express,
Radeon HD 6520G,
Radeon R5E,
GeForce GT 520,304
Intel HD P3000,
Intel HD 500,
GeForce 9600M GT / GeForce GT 220M,
GeForce GT 520MX,
GRID K120Q,
GeForce 610M,
Quadro FX 3500,68.98
Radeon HD 2900 GT,
GeForce 7800 GTX,71.6
IncrediblE HD 3000,
GeForce 7950 Xtreme,
GeForce GT 520M,29.95
Radeon HD 7450A,
GeForce GT 415M,
NVS 315,69.99
Mobile Intel HD,479.98
Radeon HD 7480D,
Mobility Radeon HD 5165,
Radeon HD 2600 XT,159
Radeon R5 235X,
GeForce 9600 GS,
Radeon HD 6370M,
Radeon HD 8400E,
GeForce 9650M GS,
GeForce Go 7900 GTX,
Radeon HD 8280G,
Qualcomm Adreno 630 GPU,
Radeon HD 5470,
Radeon HD 7400G,
GeForce GT 120M,
Mobility Radeon HD 550v,
Radeon HD 8490,89.99
GeForce Go 7950 GTX,
Radeon HD 6450A,
Radeon HD 6480G,
GeForce 7900 GT,199
Radeon HD 8400,
GeForce 510,69.99
Intel HD 3000,945
NVS 4200M,399
Radeon HD 8470,
GeForce 7900 GS,
Quadro NVS 510M,
Radeon HD 6370D,
Radeon HD 8330,
GeForce 410M,
Radeon HD 7640G + 8600M Dual,
GeForce GT 415,
CARRIZO 9874,
GeForce 7900 GT/GTO,
GeForce 7800 GT,80
Radeon HD 6410D,
NVS 310,62.06
Quadro FX 5500,1999
Radeon HD 8330E,
Radeon HD 8240,
Radeon HD 8280E,
Radeon HD4650,152.9
Radeon R2,
Radeon HD 7640G + R5 M230 Dual,
Mobility Radeon HD 5470,
Quadro FX 4500 X2,
Radeon HD 4550,156
Mobility Radeon HD 3670,
Radeon E6465,
Radeon R2E,
Radeon HD 6470M,569.99
Quadro FX 4500,169
GT 430,142.88
Radeon R5 230,81.1
HD6450,108.2
Radeon HD 7340M,
Radeon HD 7450,49.99
A6 Micro-6500T Quad-Core APU with RadeonR4,
GeForce 320M,
Mobility FireGL V5725,
Quadro FX 880M,
Radeon HD 4650,69.99
Quadro FX 2500M,17.5
GeForce 9700M GT,
Radeon HD 6320 Graphic,
Mobility Radeon. HD 5470,
Mobility Radeon HD 5450,
Intel HD 2000,
Intel 2nd Generation SandyBridge HD,
WinFast GT 610,
GeForce GT 220,39.99
Radeon HD 2600 PRO,188.44
GeForce Go 7600 GT,
GeForce Go 7800 GTX,
GeForce GT 330M,
Radeon HD 4650 AGP,
Radeon HD 8250,
Barco MXRT 1450,
Intel i gfx-driver-ci-master-9938,
Radeon R3E,
GeForce GT 240M,
Intel 2nd Generation SandyBridge HD 3000,
Quadro NVS 290,59
GeForce 7600 GT,199
Radeon HD 6380G,399.99
GeForce 7950 GX2,54.99
GeForce GT 230M,
GeForce G200,
Mobility Radeon HD 545v,
Radeon HD 6450,89
RADEON HD7450,22.25
Quadro FX 770M,527
Radeon HD 6320M,
Radeon HD 7340G,
GeForce 6800 GS,
Intel Infoshock HD,
Radeon HD 8210E,
Radeon HD 6430M,
Radeon HD 7350,
Mobility Radeon HD 2600 XT,
Mobility Radeon HD 4550,
Radeon HD 8210,
NVS 5100M,
Quadro FX 1500,115.01
Mobility Radeon HD 540v,
GeForce 505,115.06
Quadro FX 1600M,149.9
Quadro FX 3450/4000 SDI,
Quadro FX 380,72.5
Mobility Radeon HD 5430,
Radeon HD 7310G,
Barco MXRT 7100,
FireGL V3600,160.99
FirePro 3D V3700,84.99
Radeon HD 6230,
GeForce 7800 GS,
GeForce Go 7900 GS,
GeForce GT 120,29.99
Mobility Radeon HD 530v,
Radeon HD 7310 - Carte graphique,
Quadro FX 1700M,
GeForce 9200,
GeForce GT 325M,
Quadro FX 1500M,
FirePro 2460,83.99
Radeon HDG 4670,
Mobility Radeon HD 2600,
Radeon HD 7310M,
Intel HD manual-gen9_2015-133271,
Radeon HD 8350,99.81
VIA/S3G C-645/640 GPU,
GeForce 8600 GTS,241.99
GeForce 315,32.99
GeForce 7600 GS,175
GeForce 9200M GE,
GeForce 9500 GS,
Radeon HD 7340,552.69
Quadro FX 570,115
Radeon HD 4300/4500 Serisi,
Quadro FX 580,130
GeForce 8200,
Radeon HD 8180,
GeForce 305M,
Radeon HD 3670,
Radeon X1950 CrossFire Edition,
Radeon HD 3650 AGP,185
Quadro FX 3450,119.99
GeForce Go 7700,
Mobility Radeon HD 4350,
Radeon HD 6320,554.99
FirePro 2270,134
GeForce G100,19.99
ZX Chrome 645/640 GPU,
GeForce GT 130M,
Quadro 400,211
Radeon X1900 GT,
S3 5400EW,
Intel Q35 Express,
GeForce 6800 GT,
Intel Q45/Q43 Express Chipset,
Radeon HD 6300M,
EG PARK,
Radeon HD 4290,
RADEON HD 6350,59
Radeon X1800 GTO,
nForce 760i SLI,
Radeon HD 6290M,
GeForce 6800 Ultra,
Intel Haswell HD - GT2,
NVS 2100M,
GeForce Go 6800 Ultra,
Radeon HD 5450,94.96
GeForce 6600 GT,64.95
GeForce 9650M GT,117.3
Radeon X1900 CrossFire Edition,
Quadro FX 380 LP,
GeForce 7300 GT,149.99
GeForce 9500 GT,85.99
Mobility Radeon HD 4330,
Mobility Radeon HD 4570,75.9
Mobility Radeon X1900,
Radeon R5 220,85.26
EAH5450,109.99
GeForce 7650 GS,
GeForce 9800 GT 1024MB,
GeForce G102M,
GeForce 9600M GT,78.2
RadeonT,
Mobility Radeon HD 3650,73.53
MOBILITY RADEON X1800,
Radeon HD 7310,
RADEON X800 SE,
GeForce 9300 / nForce 730i,
FireGL V7300,1189.99
GeForce 6800 XT,
GeForce 8400 GS,85.97
GeForce Go 7600,
Quadro NVS 320M,
All-in-Wonder X1900,
GeForce 9300,59
Radeon HD 3300,
GeForce 205,
Seria Mobility Radeon HD 3400,
GeForce 8700M GT,
M76M,
Quadro FX 1400,245.01
Quadro FX 380M,
Intel Haswell HD - GT1,
Matrox G200e WDDM 2.0,
Radeon HD 4250,
Radeon HD 6310,
Radeon HD 7290M,
GeForce 310,108.35
GeForce 405,24.64
GeForce 9500M G,
GeForce G210M,
GeForce GT 220M,
Radeon HD 2400,88.2
Extreme AX850 PRO,
Qualcomm Adreno 540 GPU,
Qualcomm Adreno 618 GPU,
GeForce 9600M GS,
Radeon HD 2400 XT,
RV530 PRO,
Quadro FX 1700,350.14
Radeon HD 3450,89
FireMV 2260,88.08
GeForce 8600 GT,196
Mobile Intel 45 Express-Chipsatzfamilie,
PHDGD Quantic C3,
Radeon X1700 Targa Edition,
FireGL V7200,
GeForce 315M,
Radeon X1600 XT,
FireGL V5200,133.4
GeForce 8500 GT,
GeForce Go 7800,
NVS 3100M,
Radeon HD 7290,
RADEON X800 GTO,
NVS 300,62.97
Quadro FX 560,150.25
Radeon HD 2400 Pro,
FirePro 2260,
GeForce 6800,559.29
Radeon X1950 Pro,
Sapphire RADEON X800 GT,
GeForce 9400,
Intel HD Modded,
Radeon HD 4200,
FireGL V7350,119.42
GeForce 310M,
GeForce 9200M GS,
GeForce 9300 GS,59.95
Mobility Radeon HD 3400 Serisi,
Quadro FX 570M,
GeForce 6800 LE,
Radeon HD 2600 Pro AGP,
Radeon HD 4270,
VIA/S3G Chrome 645/640 GPU,
XFX Radeon HD 4650 AGP,
Radeon HD 4330,
Radeon HD 6290,
GeForce G105M,
Quadro FX 370 LP,
GeForce GT 320M,
Radeon Infoshock 3000,
GeForce Go 6800,
GeForce9400M,
Radeon X1950 GT,
GeForce 9400 GT,159.99
GeForce 9450,
Mobility Radeon X1700,
GeForce 9500M,101.2
GeForce 9500M GS,
M880G with Mobility Radeon HD 4250,
Quadro FX 3400/4400,
FireGL V3400,
GeForce 6800 GS/XT,
GeForce G210,122.12
Quadro FX 370 Low Profile,
Radeon HD 4350,102.24
GeForce 8300,22.68
Mobility Radeon HD 2400 XT,
Quadro FX Go1400,
Quadro FX 4000,
Intel Media Accelerator HD,
Radeon X1600 Pro,
GeForce 8400M GS,78.2
GeForce 9300GE,97.2
ION LE,
Mobility Radeon HD 3430,
Mobility Radeon HD 4250,
Radeon 3000,319
RADEON X800 XT,
GeForce 210,54.92
Mobility Radeon HD serie 4200,
Quadro NVS 130M,
Radeon HD 3000,
GeForce 6700 XL,
MEDION RADEON X740XL,
Matrox G200eW3 WDDM 2.0,
Mobility Radeon HD 3470 Hybrid X2,
Radeon HD 6250,
FireGL V5100,114.96
M880G with Mobility Radeon HD 4200,
Mobility Radeon HD 3470,
Mobility Radeon HD 4270,
Quadro FX 370M,
Quadro NVS 150M,
GeForce 8600 GS,
GeForce 9300M GS,43.42
GeForce G205M,
Mobility Radeon X1600,
nForce 780a SLI,
RADEON X600XT,
Mobility Radeon HD 3450,
Mobility Radeon HD 4200,
Mobility Radeon HD 2400,
Radeon HD 3470,109.65
GeForce 6610 XL,
GeForce 8600M GT,108.1
GeForce 6600,264
GeForce 7500 LE,
Quadro FX 360M,
Intel G33/G31 Express,
ION,229.99
Quadro FX 350,
FireGL V3200,
GeForce 9300M G,
Radeon X1650 Pro,160.89
ALL-IN-WONDER X800 GT,
GeForce 9300 GE,22.99
GeForce 999 GTX,
Quadro FX 370,125
Radeon X1300 PRO,
RADEON X800 GT,
Intel G41 Express Chipset,
nForce 750a SLI,
GeForce 7300 GS,
GeForce 9100,
GeForce 9300 SE,
MOBILITY FireGL V5000,
Mobility Radeon X2500,
nForce 980a/780a SLI,
Radeon HD 3200,
RADEON X850 XT Platinum Edition,
GeForce 8400,589.99
Mobility Radeon 4100,
Quadro FX 540,59.99
RADEON X800 XT Platinum Edition,
RADEON X850 XT,
RADEON X800GT,
GeForce 8100 / nForce 720a,
GeForce 7300 LE,32
Radeon HD 2350,
M860G with Mobility Radeon 4100,
Quadro NVS 160M,
RADEON X700 PRO,
GeForce 9400M,
Intel G45/G43 Express Chipset,
Quadro NVS 295,63
Radeon X1650 GTO,
FireMV 2450,
GeForce 7350 LE,
Radeon 3100,225.99
GeForce 8600M GS,
Mobility Radeon HD 4300 Serisi,
RADEON X700,
RADEON X800 PRO/GTO,
RADEON X850 PRO,
FireGL V7100,328.67
GeForce 8200M G,
M880G with Mobility Radeon HD 4225,
MEDION RADEON 9800 XXL,
FireGL V3300,
Radeon X1650 SE,
Radeon X550XTX,
RADEON X700 SE,
BASICDISPLAY,
Diamond X1300-PCIE 256MB,
GeForce 9100M G,
Quadro NVS 420,150
FireGL V3350,
GeForce Go 6600,
Quadro FX 3000,166.61
Radeon X1600 Pro / X1300XT,
RADEON X800 XL,
GeForce 8400 SE,
GeForce 9400M G,
Intel B43 Express Chipset,
Intel G45/G43/G41 Express Chipset,
Matrox G200eR WDDM 2.0,
256MB RADEON X600,160.49
GeForce 8300 GS,
MOBILITY RADEON X700,
Quadro NVS 135M,
Radeon X1550,155
128MB DDR Radeon 9800 Pro,
GeForce Go 7400,
Mobility Radeon HD 4225,
GeForce G 105M,
RADEON X800 PRO,
GeForce 8400M GT,
M71-M,
Quadro FX 550,287.82
Quadro NVS 450,159
Intel HD manual-15.28-1861,
Mobility Radeon HD 3410,
128 DDR Radeon 9800 Pro,
MOBILITY FireGL V3200,
GeForce G 103M,
SAPPHIRE Radeon X1550,
MOBILITY RADEON X700 XL,
Radeon 2100,174.29
FireGL X1,
GeForce 6800 XE,
GeForce 8400M G,
GeForce FX 5950 Ultra,
Matrox G200e WDDM 1.2,
RADEON 9800 PRO,
Intel - Express Chipset Q45/Q43,
Mobile Intel 965 Express,
RADEON 9800,325
Radeon X1300,95.78
Intel - Express Chipset G41,
Intel G41 Express-Chipsatz,
Intel Q45/Q43 Express-Chipsatz,
RADEON 9800 XT,
RADEON X600 256MB HyperMemory,
RADEON X550XT,
RADEON 9700 PRO,
FireGL V3100,
GeForce 7100 GS,
GeForce Go 7300,
Matrox G200eh WDDM 1.2,
RADEON E2400,
Radeon Xpress 1300,
FirePro 2450,89.99
GeForce 6600 LE,
GeForce FX Go5700,
Mobility Radeon HD 2300,
RADEON X550,
Matrox G200eW WDDM 1.2,
MOBILITY RADEON X600,
128MB RADEON X600 SE,56.18
GeForce 7300 SE/7200 GS,
Mobility Radeon X2300 HD,
MOBILITY RADEON X600 SE,
Quadro NVS 140M,
Radeon X1050,
Radeon X1600,
Mobility Radeon X2300,
Quadro NVS 110M,
Radeon X1550 64-bit,
Quadro NVS 120M,
SAPPHIRE RADEON 9600 ATLANTIS,
FireMV 2250,104
GeForce 6200 TurboCache,
MOBILITY RADEON 9800,
GeForce Go 6600 TE/6200 TE,
GeForce Go 7200,
Matrox G200eh WDDM 2.0,
Matrox G200eR WDDM 1.2,
Mobile Intel 4 Express-Chipsatzfamilie,
Mobile Intel serie 4 Express,
MOBILITY FireGL V5200,
Quadro FX 350M,
128 DDR Radeon 9700 TX w/TV-Out,
Mobility Radeon X1400,
RADEON 9600 PRO,
Radeon Xpress 1250,
Matrox M9138 LP PCIe x16,
Mobile Intel 45 Express,
RADEON 9500 PRO / 9700,
GeForce FX 5700,
GeForce FX 5900 Ultra,
Gigabyte RADEON X300,
Matrox G200eh,
MOBILITY FIREGL T2,
GeForce FX 5900XT,
Matrox G200eW,
Mobility Radeon X1300,
Mobility Radeon X1350,
Radeon Xpress 1300M,
S3 Chrome 430 ULP,
GeForce 7050 / nForce 620i,
GeForce 7300 SE,
GIGABYTE RADEON 9600 PRO,
Mobile Intel - famiglia Express Chipset 45,
MOBILITY RADEON 9600/9700,
Quadro NVS 285,169.86
256MB DDR Radeon 9800 XT,
GeForce 6500,
GeForce 7050 / nForce 630i,
Quadro NVS 285 128MB,55
Quadro NVS 440,228.87
RADEON X300SE,
GeForce 6200SE TurboCache,
Matrox G200eR,
Radeon X1250,
CONNECT 3D RADEON X300,
FireMV 2200 PCIe,89.99
MOBILITY RADEON 9600,
Quadro FX 1100,212.99
RADEON 9500,40.5
Radeon Xpress 1200,
GeForce 6200,99.99
GeForce 7100 / nForce 630i,
GeForce FX 5900,
GeForce PCX 5750,
RADEON 9550,291.74
RADEON 9600 XT,
GeForce 7025 / nForce 630a,
GeForce FX 5700 Ultra,
GeForce PCX 5900,
MOBILITY FIREGL T2/T2e,
MOBILITY RADEON X300,
Quadro FX 1000,
Quadro FX 1300,
Radeon Xpress 1100,
GeForce 6150 LE,
GeForce 7150 / nForce 630i,
GeForce FX 5700VE,
GeForce FX 5900ZT,
Intel Media Accelerator,
Mobility Radeon X1450,
Radeon X1200,
S3 Chrome S27 DDR3,
GeForce 6200 A-LE,
Matrox M9148 LP PCIe x16,
Red Hat QXL controller,
FireGL T2-128,
GeForce 6200 LE,41.24
GeForce 7050 PV / nForce 630a,
OpenXT Display Driver,
Radeon X1270,
All-in-Wonder X1800XL,
GeForce 6150SE nForce 430,
MOBILITY RADEON 9550,
Radeon Xpress 1150,
RADEON XPRESS 200,
Matrox M9128 LP PCIe x16,
Radeon 9550 / X1050,
GeForce 6100,
MOBILITY FireGL V5250,
MOBILITY RADEON 9700,
MOBILITY RADEON XPRESS 200,
RADEON 9600 PRO Family,
RADEON 9600SE,
Radeon Xpress 1270,
GeForce 7100 / nForce 620i,
Matrox M9120 Plus LP PCIe x16,
Matrox M9125 PCIe x16,
PHDGD Sapphire GR for Mobile Intel 965,
GeForce 6100 nForce 400,
GeForce 6100 nForce 405,
GeForce 6100 nForce 420,
GeForce 6150SE,
GeForce FX 5700LE,
Intel G965 Express,
MOBILITY RADEON 9600 PRO TURBO,
RADEON 9600 Family,
GeForce 7050 / nForce 610i,
GeForce Go 6400,
Mobile Intel 965 Express-Chipsatzfamilie,
Quadro NVS 210S,
RADEON 9800 SE,
ALL-IN-WONDER 9800,
GeForce 6100 nForce 430,
GeForce 7200 GS,
Matrox M9140 LP PCIe x16,
RADEON A9800XT,
RADEON XPRESS 200M,
9xx Soldiers sans frontiers Sigma 2,
GeForce 6150,329
Quadro NVS 210S / GeForce 6150LE,
Matrox M9120 PCIe x16,
PHDGD Solo 2 x64,
GeForce Go 6150,
QXL KMDOD,
GeForce 7150M / nForce 630M,
GeForce FX Go 5600,
GeForce Go 6100,
Mobile Intel965 Express,
Quadro FX 2000,
RADEON 9600 TX Family,
RADEON XPRESS 200 CROSSFIRE,
S3 Chrome S25 DDR2,
GeForce FX 5600 Ultra,
GeForce FX Go5650,
GRID V100-8Q,
GeForce Go 6200,
NV44,
Intel 82945G Express,
Quadro FX 500/600 PCI,
Radeon HD 2400 PCI,
GeForce 7000M,
GeForce 7000M / nForce 610M,
GeForce FX 5600,
GeForce FX Go5300,
GeForce FX 5200 Ultra,
GeForce FX 5200SE,
FireMV 2400 PCIe,
PHDGD Solo 1.2.0 x86,
RGH Drivers v3,
Familia Intel Q33 Express Chipset,
Master X3100 Driver,
MOBILITY IGP 9000/9100,
ASUS A7000,
GeCube RADEON 7000,
GeForce FX 5600XT,
Matrox Parhelia 256MB,
VIA Chrome9 HD IGP,
ASUS V9520-X V62.11,
GeForce FX 5100,
GeForce FX 5200,129
GeForce FX 5500,153.97
GeForce FX Go 5200,
Intel 82945G Express-Chipsatzfamilie,
Intel Q35 Embedded,
Mobile Intel 965 Express - BR-0907-0461 v1839,
MOBILITY RADEON 9000 IGP,
Quadro FX 500/FX 600,
Quadro NVS 280 PCI,130
Famille de jeu de puces Express Intel 946GZ,
GeForce FX 5200LE,42.99
GeForce4 MX Integrated GPU,
GeForce4 Ti 4400,
GeForce4 Ti 4800 SE,
Intel Media Accelerator 600,
Intel US15 Embedded Media and Controller,
Matrox Millennium P690 Plus LP PCIe x16,
Quadro4 380 XGL,
RADEON 8500 Family,
64MB DDR GeForce3 Ti 200,
ALL-IN-WONDER RADEON 8500DV,
GeForce PCX 5300,
GeForce2 Ultra,
GeForce4 440 Go 64M,
GeForce4 448 Go,
GeForce4 Ti 4200,
GeForce4 Ti 4600,53.99
GeForce4 Ti 4800,
Intel 82915G Express,
Matrox Parhelia APVe,
Mobile Intel 945GM Express,
MOBILITY RADEON 7000 IGP,
MOBILITY RADEON 9000/9100 IGP,
Quadro 280 NVS PCIe,
Quadro NVS 55/280 PCI,
RADEON 9100 Family,
RADEON IGP 350M,
V9560XT V62.11,
VIA/S3G UniChromeII,
ALL-IN-WONDER 9000,
ASUS AGP-V3800PRO v31.40H,
GeForce 256,42.04
GeForce2 MX with DVI-D and TV-out,
GeForce2 Ti,
GeForce3,
GeForce4 420 Go 32M,
GeForce4 440,
GeForce4 MX 4000,
GeForce4 MX 420,
GeForce4 MX 440,
GeForce4 MX 440 with AGP8X,
GeForce4 MX 440SE,
Intel 82865G Controller,
Intel 915G/915GV/910GL Embedded Controller Functio,
Intel 945G Embedded Chipset Function 0,
Intel Q33 Express,
Matrox Millennium P650 PCIe 128,
Mobile Intel 945GM/GU Express,
MOBILITY FIREGL 7800,
Quadro2 MXR/EX,
Quadro4 900 XGL,
Quadro4 980 XGL,341.43
RADEON 7500 Family,
RADEON 9000,
RADEON 9100 IGP,
SAPPHIRE RADEON 9000 ATLANTIS PRO,
VIA/S3G UniChrome Pro IGP,
WinFast A250 LE,
Xabre,
XGI Volari Family v1.13.23.D_V,
ABIT Siluro T400,
Dell 8200,
GeForce 6200A,54.99
GeForce2 Go,
GeForce2 GTS/GeForce2 Pro,
GeForce2 Integrated GPU,
GeForce2 MX/MX 400,
GeForce3 Ti 200,
GeForce4 4200 Go,
GeForce4 440 Go,
GeForce4 MX 460,
Intel 82915G/915GV/910GL,
Intel 865 Embedded Controller,
"Intel 915G,910G Express",
MOBILITY RADEON 7500,
MOBILITY/RADEON 9000,
RADEON 7000 / RADEON VE Family,
RADEON 9000 Family,
RADEON 9200,153.63
RADEON IGP 320,
Radeon IGP 320M,
RIVA TNT2 Model 64/Model 64 Pro,
VIA Chrome9 HC IGP,
VIA Chrome9 HC IGP Family,
VIA Chrome9 HC IGP Family WDDM,
VIA/S3G KM400/KN400,
VIA/S3G UniChrome IGP,
64MB GeForce2 MX with TV Out,
AMIGAMERLIN 3.1-R1 For Voodoo 4 4500 PCI,
GeForce2 MX,
GeForce2 MX 100/200,
GeForce3 Ti 500,
GeForce4 420 Go,
Intel 82845G/GL Controller,
Intel 82845G/GL/GE/PE/GV Controller,
Intel 82915G/GV/910GL Advanced v3.5,
Intel 82915G/GV/910GL Express,
Intel 946GZ Embedded Chipset Function 0,
Intel 946GZ Express,
Intel GMA 3150 Express,
Intel Media Accelerator 3150,
Intel Media Accelerator 500,
Matrox Parhelia 128MB,393.99
MOBILITY RADEON 9000,
MOBILITY RADEON 9100 IGP,
MOBILITY RADEON 9200,
Radeon 7000 / Radeon VE,
RADEON 7200,599.99
RADEON 7500,177.25
RADEON 9200 LE Family,
RADEON 9200 PRO Family,
RADEON 9200 SE,
RADEON 9250,194
Radeon IGP 340M,
RADEON IGP 345M,
Rage Fury Pro/Xpert 2000 Pro,
RIVA TNT2/TNT2 Pro,
S3 Inc. Savage4,
Vanta/Vanta LT,
VIA Chrome9 HC IGP WDDM,
VIA Chrome9 HC IGP WDDM 1.1,
VIA Chrome9 HC3 IGP,
VIA/S3G DeltaChrome IGP,
Dell 8100,999.11
Intel 82845G Controller,
Intel Extreme Controller,
Mobile Intel 915GM/GMS/910GML Express,
Mobile Intel 945 Express,
Quadro NVS 280 SD,
RADEON IGP 34xM,
Radeon VE,
S3 SuperSavage/IXC 1014,
VIA Chrome9 HC IGP Prerelease WDDM 1.1,
VIA Chrome9 HCM IGP,
VisionTek Radeon 7000,
FireMV 2200 PCI,
IGP 340M,
Intel 82852/82855 GM/GME Controller,
Quadro2 Pro,
Rage 128 Pro,
RAGE 128 PRO AGP 4X TMDS,
S3 ProSavageDDR,
